Sarah Neves Filho, 564.777.188-20, Quadra 65 s/n Rodovia Maria Isis de Assunção, São João da Mata, RS 63752-580, 
Pietra Gabeira, 225.837.236-42, Apto. 637 s/n Alameda Pietra Brites, Moreira Sales, AM 86659-813, 
Clara Barbosa, 121.650.783-00, Sobrado 55 s/n Marginal Arthur Henrique da Madureira, Fronteira dos Vales, RR 95455-795, 
Nicole Marques, 824.264.102-13, Quadra 78 s/n Avenida Gabrielly, Cruzeiro do Oeste, ES 48547-769, 
Dr. Sophia Lobos, 445.008.524-84, Apto. 583 8853 Ponte Arthur Jaques, São João das Duas Pontes, AP 57229-436, 
Kaique Marques, 465.670.432-61, s/n Rodovia Joana Solimões, Corinto, CE 23373-374, 
Pietro Castanho, 568.515.375-91, 119 Rodovia Samuel, São Miguel da Baixa Grande, AP 72609-911, 
Pedro Tobias Vasques, 211.835.484-35, Apto. 150 840 Avenida Ana Sophia Monteira, Dom Joaquim, RJ 56629-532, 
Beatriz dos Reis, 361.472.533-28, Quadra 33 31182 Alameda Emanuelly Ambrósio, Miranda do Norte, MA 28519-060, 
Marcia de Sá, 854.488.268-49, 22994 Marginal Maria Vitória Ramalho, Urbano Santos, AP 54242-716, 
Rodrigo Veloso, 554.312.515-11, 93552 Avenida Isaac Tavares, Matipó, RS 55939-296, 
Sophia Santos, 642.662.388-19, Sobrado 61 0687 Travessa Ana Cecília, São Rafael, TO 84838-472, 
Alícia Moniz, 284.627.410-09, 8722 Alameda Melissa Corte, Adelândia, RR 94653-492, 
Nicole Almeida, 004.882.565-42, Casa 8 857 Avenida Morgana Beltrão, Santa Rosa de Viterbo, ES 45826-677, 
Maria Eduarda Grotas, 084.116.071-60, s/n Rodovia Natália, Ibaté, GO 67768-099, 
Anthony de Assunção, 648.788.046-96, 25066 Ponte Maria Clara da Fonseca, Perolândia, PI 56088-390, 
Beatriz da Silveira, 600.546.468-04, Lote 41 s/n Viela Arthur Henrique Castanho, Bonito de Santa Fé, AM 48665-257, 
Célia Oliveira, 612.430.748-09, Sobrado 35 051 Rua Benício Espinhosa, Alvorada de Minas, RS 97749-528, 
Augusto Rios, 875.506.361-68, 146 Rua Olívia Mendanha, Mauá da Serra, TO 70667-109, 
Davi Miguel Moraes, 366.548.483-90, Casa 1 759 Rua Natália Munhoz, Cristais Paulista, BA 85752-536, 
Vinícius Pires Filho, 632.488.086-91, 849 Alameda Tomás, Piracuruca, PE 73476-278, 
Ígor Vasques, 231.671.404-88, Quadra 39 4391 Avenida Vinicius Coutinho, São Pedro do Ivaí, RO 06866-256, 
Dr. Arthur Miguel Ximenes, 605.538.641-06, Lote 97 832 Avenida Allana, Uruçuí, SE 37934-355, 
Catarina Sá, 583.270.561-07, 91498 Marginal João Lucas Pires, Campo Formoso, CE 68268-063, 
Breno Resende Jr., 232.114.303-77, 8571 Travessa Davi Siqueiro, Piraúba, AC 25754-856, 
Melissa Rios Neto, 702.321.220-59, Apto. 954 972 Travessa Felícia da Luz, Garanhuns, MT 30771-703, 
Lorenzo Dantas Neto, 766.675.327-60, Quadra 20 56697 Alameda Felícia Gomide, Simões Filho, AL 90984-157, 
Luana Barreira Neto, 076.576.266-82, 06974 Alameda Sílvia Ximenes, Santa Tereza do Oeste, SC 39253-180, 
Pietra Neves, 638.854.513-01, Quadra 17 s/n Avenida Giulia, Arroio dos Ratos, TO 99001-090, 
Ruan Sanches, 480.324.841-91, 92350 Viela Ruan, Coreaú, RS 83775-133, 
Maria Sophia Martins Jr., 121.750.230-01, Lote 97 77123 Ponte Roberta Palmeira, Barra do Guarita, RS 40276-929, 
Kaique Ferraço Jr., 414.707.516-90, 91787 Alameda Ricardo, Umburatiba, GO 27658-583, 
Heloísa Arantes, 260.216.841-68, Quadra 91 s/n Travessa Gúbio de Assunção, Rio Espera, AM 84704-566, 
Murilo Barreto, 475.351.571-06, s/n Rua Arthur Gabriel Araújo, Jeriquara, BA 19405-879, 
Víctor Diegues, 788.163.278-04, Casa 0 54647 Ponte Ígor, Bálsamo, AC 54503-915, 
Dra. Enzo Miguel Barreto, 767.453.155-48, Quadra 12 335 Rodovia Carla Ramires, Caiapônia, GO 34738-572, 
Clarice Passarinho Jr., 618.640.800-00, Apto. 192 s/n Viela Calebe, Piúma, MT 76149-173, 
Ana Sophia Castro, 637.041.447-62, Quadra 53 29367 Rua Erick Lopes, Nossa Senhora Aparecida, SC 54064-864, 
Mariana Carvalheira, 643.145.811-74, Casa 3 3124 Viela Ana Júlia Corte, Posse, RO 64445-942, 
Lorenzo Cerqueira, 200.323.128-57, Sobrado 39 s/n Alameda Yuri Aroeira, Orindiúva, AL 69656-765, 
Maitê da Nóbrega, 840.701.168-18, 119 Alameda Maria Cecília, Vitória Brasil, MG 33406-502, 
Mariah Pereira Jr., 584.270.630-08, 81080 Avenida Sirineu, Santa Filomena do Maranhão, MA 10178-082, 
Sr. Esther Lima, 815.855.253-67, 7927 Avenida Pérola, Paulistânia, ES 14638-403, 
Thiago Vidal, 412.706.002-65, 32261 Rua Frederico da Barra, Itambé, SC 11442-750, 
João Victor Modesto, 813.513.555-62, Apto. 532 s/n Alameda Beatriz da Cruz, Baliza, PE 61087-335, 
Sarah Nogueira, 588.583.176-96, 267 Alameda Olívia Bouças, Inimutaba, ES 77879-730, 
Dra. Eloah da Barra, 704.484.671-86, Casa 2 8651 Viela Yago Limeira, Jaçanã, RJ 81372-664, 
Carla Braga, 536.175.151-00, 981 Ponte Ana Sophia Viveiros, Quedas do Iguaçu, MG 55962-653, 
Cecília da Costa, 113.301.153-50, 15009 Rua Yasmin Brites, Itajaí, BA 82905-006, 
Ayla Siqueiro, 702.561.780-62, 2701 Viela Lorenzo, Itapirapuã Paulista, BA 96775-395, 
